{
  "epsilon": [
    5.0,
    1.0,
    0.5,
    1.0,
    1.0
  ],
  "accuracy": [
    0.7509946949602122,
    0.7509946949602122,
    0.7509946949602122,
    0.7509946949602122,
    0.8405172413793104
  ],
  "avg_attack_auc": [
    0.5000154777041919,
    0.5000051592347307,
    0.5000154777041919,
    0.5000154777041919,
    0.5075918036014124
  ],
  "avg_dp_difference": [
    0.0,
    0.0,
    0.0,
    0.0,
    0.2964060248195874
  ],
  "avg_eo_difference": [
    0.0,
    0.0,
    0.0,
    0.0,
    0.546183815009488
  ]
}